Date,Total_Single_Patients,Double_Room_Patients,Closed_Rooms,Wasted_Beds,Wasted_Potential,Available_Beds,Efficiency
2023-01-01,11.0,4.0,0.0,11,0,26.0,57.692307692307686
2023-01-02,11.0,4.0,0.0,11,0,26.0,57.692307692307686
2023-01-03,11.0,4.0,0.0,11,0,26.0,57.692307692307686
2023-01-04,10.0,6.0,0.0,10,0,26.0,61.53846153846154
2023-01-05,11.0,4.0,0.0,11,0,26.0,57.692307692307686
2023-01-06,11.0,4.0,0.0,11,0,26.0,57.692307692307686
2023-01-07,12.0,2.0,0.0,12,0,26.0,53.84615384615385
2023-01-08,12.0,2.0,0.0,12,0,26.0,53.84615384615385
2023-01-09,12.0,2.0,0.0,12,0,26.0,53.84615384615385
2023-01-10,12.0,2.0,0.0,12,0,26.0,53.84615384615385
2023-01-11,13.0,0.0,0.0,13,0,26.0,50.0
2023-01-12,12.0,0.0,0.0,12,0,26.0,53.84615384615385
2023-01-13,12.0,0.0,0.0,12,0,26.0,53.84615384615385
2023-01-14,10.0,3.0,0.0,10,0,26.0,61.53846153846154
2023-01-15,10.0,5.0,0.0,10,0,26.0,61.53846153846154
2023-01-16,10.0,5.0,0.0,10,0,26.0,61.53846153846154
2023-01-17,11.0,3.0,0.0,11,0,26.0,57.692307692307686
2023-01-18,10.0,6.0,0.0,10,0,26.0,61.53846153846154
2023-01-19,4.0,10.0,0.0,4,0,26.0,84.61538461538461
2023-01-20,4.0,12.0,0.0,4,0,26.0,84.61538461538461
2023-01-21,4.0,15.0,0.0,4,0,26.0,84.61538461538461
2023-01-22,5.0,15.0,0.0,5,0,26.0,80.76923076923077
2023-01-23,5.0,15.0,0.0,5,0,26.0,80.76923076923077
2023-01-24,4.0,11.0,0.0,4,0,26.0,84.61538461538461
2023-01-25,5.0,11.0,0.0,5,0,26.0,80.76923076923077
2023-01-26,5.0,13.0,0.0,5,0,26.0,80.76923076923077
2023-01-27,7.0,11.0,0.0,7,0,26.0,73.07692307692307
2023-01-28,5.0,16.0,0.0,5,0,26.0,80.76923076923077
2023-01-29,5.0,15.0,0.0,5,0,26.0,80.76923076923077
2023-01-30,5.0,15.0,0.0,5,0,26.0,80.76923076923077
2023-01-31,4.0,17.0,0.0,4,0,26.0,84.61538461538461
2023-02-01,4.0,18.0,0.0,4,0,26.0,84.61538461538461
2023-02-02,3.0,19.0,0.0,3,0,26.0,88.46153846153845
2023-02-03,4.0,18.0,0.0,4,0,26.0,84.61538461538461
2023-02-04,3.0,17.0,0.0,3,0,26.0,88.46153846153845
2023-02-05,5.0,16.0,0.0,5,0,26.0,80.76923076923077
2023-02-06,5.0,16.0,0.0,5,0,26.0,80.76923076923077
2023-02-07,4.0,11.0,0.0,4,0,26.0,84.61538461538461
2023-02-08,2.0,11.0,0.0,2,0,26.0,92.3076923076923
2023-02-09,2.0,17.0,0.0,2,0,26.0,92.3076923076923
2023-02-10,2.0,19.0,0.0,2,0,26.0,92.3076923076923
2023-02-11,4.0,17.0,0.0,4,0,26.0,84.61538461538461
2023-02-12,5.0,16.0,0.0,5,0,26.0,80.76923076923077
2023-02-13,5.0,16.0,0.0,5,0,26.0,80.76923076923077
2023-02-14,4.0,15.0,0.0,4,0,26.0,84.61538461538461
2023-02-15,2.0,12.0,10.0,2,0,16.0,87.5
2023-02-16,5.0,12.0,1.0,5,0,25.0,80.0
2023-02-17,3.0,12.0,0.0,3,0,26.0,88.46153846153845
2023-02-18,5.0,16.0,0.0,5,0,26.0,80.76923076923077
2023-02-19,5.0,16.0,0.0,5,0,26.0,80.76923076923077
2023-02-20,5.0,16.0,0.0,5,0,26.0,80.76923076923077
2023-02-21,6.0,13.0,0.0,6,0,26.0,76.92307692307693
2023-02-22,6.0,14.0,0.0,6,0,26.0,76.92307692307693
2023-02-23,4.0,16.0,0.0,4,0,26.0,84.61538461538461
2023-02-24,4.0,18.0,0.0,4,0,26.0,84.61538461538461
2023-02-25,5.0,15.0,0.0,5,0,26.0,80.76923076923077
2023-02-26,6.0,14.0,0.0,6,0,26.0,76.92307692307693
2023-02-27,6.0,14.0,0.0,6,0,26.0,76.92307692307693
2023-02-28,6.0,13.0,0.0,6,0,26.0,76.92307692307693
2023-03-01,7.0,12.0,0.0,7,0,26.0,73.07692307692307
2023-03-02,5.0,13.0,0.0,5,0,26.0,80.76923076923077
2023-03-03,6.0,12.0,0.0,6,0,26.0,76.92307692307693
2023-03-04,7.0,12.0,0.0,7,0,26.0,73.07692307692307
2023-03-05,7.0,12.0,0.0,7,0,26.0,73.07692307692307
2023-03-06,7.0,12.0,0.0,7,0,26.0,73.07692307692307
2023-03-07,4.0,15.0,0.0,4,0,26.0,84.61538461538461
2023-03-08,4.0,13.0,0.0,4,0,26.0,84.61538461538461
2023-03-09,5.0,14.0,0.0,5,0,26.0,80.76923076923077
2023-03-10,7.0,9.0,0.0,7,0,26.0,73.07692307692307
2023-03-11,7.0,9.0,0.0,7,0,26.0,73.07692307692307
2023-03-12,8.0,8.0,0.0,8,0,26.0,69.23076923076923
2023-03-13,8.0,8.0,0.0,8,0,26.0,69.23076923076923
2023-03-14,7.0,9.0,0.0,7,0,26.0,73.07692307692307
2023-03-15,7.0,11.0,0.0,7,0,26.0,73.07692307692307
2023-03-16,7.0,11.0,0.0,7,0,26.0,73.07692307692307
2023-03-17,8.0,10.0,0.0,8,0,26.0,69.23076923076923
2023-03-18,7.0,10.0,0.0,7,0,26.0,73.07692307692307
2023-03-19,6.0,13.0,0.0,6,0,26.0,76.92307692307693
2023-03-20,6.0,13.0,0.0,6,0,26.0,76.92307692307693
2023-03-21,6.0,12.0,0.0,6,0,26.0,76.92307692307693
2023-03-22,7.0,12.0,0.0,7,0,26.0,73.07692307692307
2023-03-23,5.0,10.0,0.0,5,0,26.0,80.76923076923077
2023-03-24,7.0,5.0,0.0,7,0,26.0,73.07692307692307
2023-03-25,4.0,10.0,0.0,4,0,26.0,84.61538461538461
2023-03-26,5.0,13.0,0.0,5,0,26.0,80.76923076923077
2023-03-27,5.0,13.0,0.0,5,0,26.0,80.76923076923077
2023-03-28,6.0,10.0,0.0,6,0,26.0,76.92307692307693
2023-03-29,6.0,7.0,0.0,6,0,26.0,76.92307692307693
2023-03-30,6.0,9.0,0.0,6,0,26.0,76.92307692307693
2023-03-31,6.0,12.0,0.0,6,0,26.0,76.92307692307693
2023-04-01,5.0,10.0,0.0,5,0,26.0,80.76923076923077
2023-04-02,5.0,11.0,0.0,5,0,26.0,80.76923076923077
2023-04-03,5.0,11.0,0.0,5,0,26.0,80.76923076923077
2023-04-04,4.0,8.0,0.0,4,0,26.0,84.61538461538461
2023-04-05,2.0,13.0,0.0,2,0,26.0,92.3076923076923
2023-04-06,5.0,12.0,0.0,5,0,26.0,80.76923076923077
2023-04-07,6.0,13.0,0.0,6,0,26.0,76.92307692307693
2023-04-08,7.0,12.0,0.0,7,0,26.0,73.07692307692307
2023-04-09,7.0,12.0,0.0,7,0,26.0,73.07692307692307
2023-04-10,7.0,12.0,0.0,7,0,26.0,73.07692307692307
2023-04-11,7.0,12.0,0.0,7,0,26.0,73.07692307692307
2023-04-12,6.0,11.0,0.0,6,0,26.0,76.92307692307693
2023-04-13,5.0,11.0,0.0,5,0,26.0,80.76923076923077
2023-04-14,5.0,16.0,0.0,5,0,26.0,80.76923076923077
2023-04-15,6.0,14.0,0.0,6,0,26.0,76.92307692307693
2023-04-16,7.0,11.0,0.0,7,0,26.0,73.07692307692307
2023-04-17,6.0,12.0,0.0,6,0,26.0,76.92307692307693
2023-04-18,7.0,11.0,0.0,7,0,26.0,73.07692307692307
2023-04-19,7.0,11.0,0.0,7,0,26.0,73.07692307692307
2023-04-20,6.0,12.0,0.0,6,0,26.0,76.92307692307693
2023-04-21,5.0,11.0,0.0,5,0,26.0,80.76923076923077
2023-04-22,8.0,9.0,0.0,8,0,26.0,69.23076923076923
2023-04-23,8.0,9.0,0.0,8,0,26.0,69.23076923076923
2023-04-24,8.0,9.0,0.0,8,0,26.0,69.23076923076923
2023-04-25,6.0,11.0,0.0,6,0,26.0,76.92307692307693
2023-04-26,5.0,16.0,0.0,5,0,26.0,80.76923076923077
2023-04-27,5.0,16.0,0.0,5,0,26.0,80.76923076923077
2023-04-28,6.0,14.0,0.0,6,0,26.0,76.92307692307693
2023-04-29,8.0,10.0,0.0,8,0,26.0,69.23076923076923
2023-04-30,8.0,10.0,0.0,8,0,26.0,69.23076923076923
2023-05-01,8.0,10.0,0.0,8,0,26.0,69.23076923076923
2023-05-02,7.0,11.0,0.0,7,0,26.0,73.07692307692307
2023-05-03,7.0,12.0,0.0,7,0,26.0,73.07692307692307
2023-05-04,5.0,15.0,0.0,5,0,26.0,80.76923076923077
2023-05-05,6.0,14.0,0.0,6,0,26.0,76.92307692307693
2023-05-06,6.0,14.0,0.0,6,0,26.0,76.92307692307693
2023-05-07,6.0,14.0,0.0,6,0,26.0,76.92307692307693
2023-05-08,6.0,14.0,0.0,6,0,26.0,76.92307692307693
2023-05-09,9.0,8.0,0.0,9,0,26.0,65.38461538461539
2023-05-10,5.0,16.0,0.0,5,0,26.0,80.76923076923077
2023-05-11,5.0,16.0,0.0,5,0,26.0,80.76923076923077
2023-05-12,5.0,16.0,0.0,5,0,26.0,80.76923076923077
2023-05-13,7.0,12.0,0.0,7,0,26.0,73.07692307692307
2023-05-14,7.0,12.0,0.0,7,0,26.0,73.07692307692307
2023-05-15,7.0,12.0,0.0,7,0,26.0,73.07692307692307
2023-05-16,8.0,10.0,0.0,8,0,26.0,69.23076923076923
2023-05-17,7.0,12.0,0.0,7,0,26.0,73.07692307692307
2023-05-18,6.0,13.0,0.0,6,0,26.0,76.92307692307693
2023-05-19,5.0,12.0,2.0,5,0,24.0,79.16666666666666
2023-05-20,4.0,16.0,0.0,4,0,26.0,84.61538461538461
2023-05-21,5.0,16.0,0.0,5,0,26.0,80.76923076923077
2023-05-22,5.0,15.0,0.0,5,0,26.0,80.76923076923077
2023-05-23,4.0,13.0,0.0,4,0,26.0,84.61538461538461
2023-05-24,7.0,12.0,0.0,7,0,26.0,73.07692307692307
2023-05-25,7.0,12.0,0.0,7,0,26.0,73.07692307692307
2023-05-26,8.0,10.0,0.0,8,0,26.0,69.23076923076923
2023-05-27,7.0,12.0,0.0,7,0,26.0,73.07692307692307
2023-05-28,7.0,12.0,0.0,7,0,26.0,73.07692307692307
2023-05-29,6.0,14.0,0.0,6,0,26.0,76.92307692307693
2023-05-30,5.0,15.0,0.0,5,0,26.0,80.76923076923077
2023-05-31,6.0,14.0,0.0,6,0,26.0,76.92307692307693
2023-06-01,6.0,14.0,0.0,6,0,26.0,76.92307692307693
2023-06-02,4.0,18.0,0.0,4,0,26.0,84.61538461538461
2023-06-03,5.0,15.0,0.0,5,0,26.0,80.76923076923077
2023-06-04,6.0,14.0,0.0,6,0,26.0,76.92307692307693
2023-06-05,6.0,14.0,0.0,6,0,26.0,76.92307692307693
2023-06-06,5.0,13.0,2.0,5,0,24.0,79.16666666666666
2023-06-07,4.0,17.0,0.0,4,0,26.0,84.61538461538461
2023-06-08,3.0,16.0,0.0,3,0,26.0,88.46153846153845
2023-06-09,3.0,17.0,0.0,3,0,26.0,88.46153846153845
2023-06-10,5.0,14.0,0.0,5,0,26.0,80.76923076923077
2023-06-11,5.0,15.0,0.0,5,0,26.0,80.76923076923077
2023-06-12,5.0,15.0,0.0,5,0,26.0,80.76923076923077
2023-06-13,5.0,13.0,0.0,5,0,26.0,80.76923076923077
2023-06-14,5.0,14.0,0.0,5,0,26.0,80.76923076923077
2023-06-15,6.0,14.0,0.0,6,0,26.0,76.92307692307693
2023-06-16,5.0,16.0,0.0,5,0,26.0,80.76923076923077
2023-06-17,7.0,12.0,0.0,7,0,26.0,73.07692307692307
2023-06-18,7.0,12.0,0.0,7,0,26.0,73.07692307692307
2023-06-19,7.0,12.0,0.0,7,0,26.0,73.07692307692307
2023-06-20,7.0,12.0,0.0,7,0,26.0,73.07692307692307
2023-06-21,8.0,10.0,0.0,8,0,26.0,69.23076923076923
2023-06-22,8.0,10.0,0.0,8,0,26.0,69.23076923076923
2023-06-23,8.0,10.0,0.0,8,0,26.0,69.23076923076923
2023-06-24,7.0,11.0,0.0,7,0,26.0,73.07692307692307
2023-06-25,7.0,12.0,0.0,7,0,26.0,73.07692307692307
2023-06-26,7.0,12.0,0.0,7,0,26.0,73.07692307692307
2023-06-27,7.0,11.0,0.0,7,0,26.0,73.07692307692307
2023-06-28,5.0,15.0,0.0,5,0,26.0,80.76923076923077
2023-06-29,5.0,16.0,0.0,5,0,26.0,80.76923076923077
2023-06-30,4.0,15.0,0.0,4,0,26.0,84.61538461538461
2023-07-01,1.0,15.0,0.0,1,0,26.0,96.15384615384616
2023-07-02,1.0,15.0,0.0,1,0,26.0,96.15384615384616
2023-07-03,1.0,15.0,1.0,1,0,25.0,96.0
2023-07-04,5.0,15.0,0.0,5,0,26.0,80.76923076923077
2023-07-05,5.0,15.0,0.0,5,0,26.0,80.76923076923077
2023-07-06,5.0,15.0,0.0,5,0,26.0,80.76923076923077
2023-07-07,4.0,18.0,0.0,4,0,26.0,84.61538461538461
2023-07-08,6.0,14.0,0.0,6,0,26.0,76.92307692307693
2023-07-09,6.0,14.0,0.0,6,0,26.0,76.92307692307693
2023-07-10,6.0,14.0,0.0,6,0,26.0,76.92307692307693
2023-07-11,5.0,13.0,2.0,5,0,24.0,79.16666666666666
2023-07-12,6.0,11.0,2.0,6,0,24.0,75.0
2023-07-13,6.0,12.0,0.0,6,0,26.0,76.92307692307693
2023-07-14,6.0,11.0,0.0,6,0,26.0,76.92307692307693
2023-07-15,8.0,9.0,0.0,8,0,26.0,69.23076923076923
2023-07-16,7.0,11.0,0.0,7,0,26.0,73.07692307692307
2023-07-17,7.0,11.0,0.0,7,0,26.0,73.07692307692307
2023-07-18,6.0,11.0,0.0,6,0,26.0,76.92307692307693
2023-07-19,7.0,10.0,0.0,7,0,26.0,73.07692307692307
2023-07-20,7.0,8.0,0.0,7,0,26.0,73.07692307692307
2023-07-21,5.0,5.0,0.0,5,0,26.0,80.76923076923077
2023-07-22,5.0,7.0,2.0,5,0,24.0,79.16666666666666
2023-07-23,7.0,5.0,0.0,7,0,26.0,73.07692307692307
2023-07-24,7.0,5.0,0.0,7,0,26.0,73.07692307692307
2023-07-25,5.0,7.0,0.0,5,0,26.0,80.76923076923077
2023-07-26,6.0,10.0,0.0,6,0,26.0,76.92307692307693
2023-07-27,4.0,12.0,0.0,4,0,26.0,84.61538461538461
2023-07-28,4.0,12.0,0.0,4,0,26.0,84.61538461538461
2023-07-29,4.0,8.0,0.0,4,0,26.0,84.61538461538461
2023-07-30,4.0,10.0,0.0,4,0,26.0,84.61538461538461
2023-07-31,5.0,9.0,4.0,5,0,22.0,77.27272727272727
2023-08-01,4.0,7.0,0.0,4,0,26.0,84.61538461538461
2023-08-02,3.0,6.0,0.0,3,0,26.0,88.46153846153845
2023-08-03,1.0,7.0,6.0,1,0,20.0,95.0
2023-08-04,2.0,9.0,4.0,2,0,22.0,90.9090909090909
2023-08-05,2.0,13.0,0.0,2,0,26.0,92.3076923076923
2023-08-06,2.0,13.0,0.0,2,0,26.0,92.3076923076923
2023-08-07,2.0,14.0,0.0,2,0,26.0,92.3076923076923
2023-08-08,3.0,10.0,2.0,3,0,24.0,87.5
2023-08-09,3.0,10.0,2.0,3,0,24.0,87.5
2023-08-10,2.0,9.0,2.0,2,0,24.0,91.66666666666666
2023-08-11,2.0,11.0,2.0,2,0,24.0,91.66666666666666
2023-08-12,3.0,13.0,0.0,3,0,26.0,88.46153846153845
2023-08-13,3.0,16.0,0.0,3,0,26.0,88.46153846153845
2023-08-14,3.0,16.0,0.0,3,0,26.0,88.46153846153845
2023-08-15,7.0,6.0,0.0,7,0,26.0,73.07692307692307
2023-08-16,5.0,9.0,2.0,5,0,24.0,79.16666666666666
2023-08-17,4.0,10.0,0.0,4,0,26.0,84.61538461538461
2023-08-18,4.0,11.0,0.0,4,0,26.0,84.61538461538461
2023-08-19,5.0,13.0,0.0,5,0,26.0,80.76923076923077
2023-08-20,5.0,15.0,0.0,5,0,26.0,80.76923076923077
2023-08-21,5.0,15.0,0.0,5,0,26.0,80.76923076923077
2023-08-22,6.0,11.0,0.0,6,0,26.0,76.92307692307693
2023-08-23,6.0,12.0,0.0,6,0,26.0,76.92307692307693
2023-08-24,6.0,12.0,0.0,6,0,26.0,76.92307692307693
2023-08-25,6.0,9.0,2.0,6,0,24.0,75.0
2023-08-26,9.0,8.0,0.0,9,0,26.0,65.38461538461539
2023-08-27,9.0,8.0,0.0,9,0,26.0,65.38461538461539
2023-08-28,9.0,8.0,0.0,9,0,26.0,65.38461538461539
2023-08-29,7.0,8.0,0.0,7,0,26.0,73.07692307692307
2023-08-30,6.0,6.0,2.0,6,0,24.0,75.0
2023-08-31,7.0,8.0,2.0,7,0,24.0,70.83333333333334
2023-09-01,7.0,8.0,0.0,7,0,26.0,73.07692307692307
2023-09-02,6.0,5.0,0.0,6,0,26.0,76.92307692307693
2023-09-03,7.0,9.0,0.0,7,0,26.0,73.07692307692307
2023-09-04,7.0,9.0,0.0,7,0,26.0,73.07692307692307
2023-09-05,7.0,9.0,0.0,7,0,26.0,73.07692307692307
2023-09-06,6.0,11.0,0.0,6,0,26.0,76.92307692307693
2023-09-07,5.0,11.0,0.0,5,0,26.0,80.76923076923077
2023-09-08,5.0,10.0,0.0,5,0,26.0,80.76923076923077
2023-09-09,6.0,12.0,0.0,6,0,26.0,76.92307692307693
2023-09-10,6.0,14.0,0.0,6,0,26.0,76.92307692307693
2023-09-11,6.0,14.0,0.0,6,0,26.0,76.92307692307693
2023-09-12,6.0,11.0,0.0,6,0,26.0,76.92307692307693
2023-09-13,5.0,13.0,0.0,5,0,26.0,80.76923076923077
2023-09-14,6.0,12.0,0.0,6,0,26.0,76.92307692307693
2023-09-15,5.0,15.0,0.0,5,0,26.0,80.76923076923077
2023-09-16,6.0,14.0,0.0,6,0,26.0,76.92307692307693
2023-09-17,6.0,14.0,0.0,6,0,26.0,76.92307692307693
2023-09-18,6.0,14.0,0.0,6,0,26.0,76.92307692307693
2023-09-19,6.0,10.0,0.0,6,0,26.0,76.92307692307693
2023-09-20,3.0,13.0,0.0,3,0,26.0,88.46153846153845
2023-09-21,4.0,13.0,4.0,4,0,22.0,81.81818181818183
2023-09-22,2.0,11.0,6.0,2,0,20.0,90.0
2023-09-23,7.0,9.0,0.0,7,0,26.0,73.07692307692307
2023-09-24,7.0,10.0,0.0,7,0,26.0,73.07692307692307
2023-09-25,3.0,14.0,5.0,3,0,21.0,85.71428571428571
2023-09-26,12.0,0.0,0.0,12,0,26.0,53.84615384615385
2023-09-27,12.0,0.0,0.0,12,0,26.0,53.84615384615385
2023-09-28,10.0,3.0,0.0,10,0,26.0,61.53846153846154
2023-09-29,9.0,6.0,0.0,9,0,26.0,65.38461538461539
2023-09-30,7.0,9.0,0.0,7,0,26.0,73.07692307692307
2023-10-01,7.0,11.0,0.0,7,0,26.0,73.07692307692307
2023-10-02,7.0,11.0,0.0,7,0,26.0,73.07692307692307
2023-10-03,4.0,6.0,0.0,4,0,26.0,84.61538461538461
2023-10-04,3.0,11.0,0.0,3,0,26.0,88.46153846153845
2023-10-05,6.0,10.0,0.0,6,0,26.0,76.92307692307693
2023-10-06,6.0,10.0,0.0,6,0,26.0,76.92307692307693
2023-10-07,9.0,7.0,0.0,9,0,26.0,65.38461538461539
2023-10-08,9.0,7.0,0.0,9,0,26.0,65.38461538461539
2023-10-09,9.0,7.0,0.0,9,0,26.0,65.38461538461539
2023-10-10,9.0,5.0,0.0,9,0,26.0,65.38461538461539
2023-10-11,7.0,7.0,0.0,7,0,26.0,73.07692307692307
2023-10-12,7.0,9.0,0.0,7,0,26.0,73.07692307692307
2023-10-13,8.0,8.0,0.0,8,0,26.0,69.23076923076923
2023-10-14,7.0,10.0,0.0,7,0,26.0,73.07692307692307
2023-10-15,7.0,12.0,0.0,7,0,26.0,73.07692307692307
2023-10-16,7.0,12.0,0.0,7,0,26.0,73.07692307692307
2023-10-17,7.0,11.0,0.0,7,0,26.0,73.07692307692307
2023-10-18,7.0,10.0,0.0,7,0,26.0,73.07692307692307
2023-10-19,7.0,12.0,0.0,7,0,26.0,73.07692307692307
2023-10-20,5.0,8.0,0.0,5,0,26.0,80.76923076923077
2023-10-21,7.0,9.0,0.0,7,0,26.0,73.07692307692307
2023-10-22,7.0,9.0,0.0,7,0,26.0,73.07692307692307
2023-10-23,7.0,9.0,0.0,7,0,26.0,73.07692307692307
2023-10-24,6.0,11.0,0.0,6,0,26.0,76.92307692307693
2023-10-25,8.0,8.0,0.0,8,0,26.0,69.23076923076923
2023-10-26,8.0,6.0,0.0,8,0,26.0,69.23076923076923
2023-10-27,8.0,8.0,0.0,8,0,26.0,69.23076923076923
2023-10-28,8.0,8.0,0.0,8,0,26.0,69.23076923076923
2023-10-29,8.0,9.0,0.0,8,0,26.0,69.23076923076923
2023-10-30,8.0,10.0,0.0,8,0,26.0,69.23076923076923
2023-10-31,8.0,10.0,0.0,8,0,26.0,69.23076923076923
2023-11-01,9.0,8.0,0.0,9,0,26.0,65.38461538461539
2023-11-02,8.0,9.0,0.0,8,0,26.0,69.23076923076923
2023-11-03,8.0,10.0,0.0,8,0,26.0,69.23076923076923
2023-11-04,8.0,10.0,0.0,8,0,26.0,69.23076923076923
2023-11-05,8.0,10.0,0.0,8,0,26.0,69.23076923076923
2023-11-06,8.0,10.0,0.0,8,0,26.0,69.23076923076923
2023-11-07,8.0,10.0,0.0,8,0,26.0,69.23076923076923
2023-11-08,7.0,11.0,0.0,7,0,26.0,73.07692307692307
2023-11-09,8.0,10.0,0.0,8,0,26.0,69.23076923076923
2023-11-10,7.0,10.0,0.0,7,0,26.0,73.07692307692307
2023-11-11,6.0,14.0,0.0,6,0,26.0,76.92307692307693
2023-11-12,6.0,14.0,0.0,6,0,26.0,76.92307692307693
2023-11-13,6.0,14.0,0.0,6,0,26.0,76.92307692307693
2023-11-14,7.0,12.0,0.0,7,0,26.0,73.07692307692307
2023-11-15,7.0,11.0,0.0,7,0,26.0,73.07692307692307
2023-11-16,6.0,12.0,0.0,6,0,26.0,76.92307692307693
2023-11-17,6.0,12.0,0.0,6,0,26.0,76.92307692307693
2023-11-18,7.0,11.0,0.0,7,0,26.0,73.07692307692307
2023-11-19,7.0,11.0,0.0,7,0,26.0,73.07692307692307
2023-11-20,7.0,11.0,0.0,7,0,26.0,73.07692307692307
2023-11-21,7.0,10.0,0.0,7,0,26.0,73.07692307692307
2023-11-22,7.0,12.0,0.0,7,0,26.0,73.07692307692307
2023-11-23,6.0,11.0,0.0,6,0,26.0,76.92307692307693
2023-11-24,6.0,11.0,0.0,6,0,26.0,76.92307692307693
2023-11-25,7.0,11.0,0.0,7,0,26.0,73.07692307692307
2023-11-26,6.0,14.0,0.0,6,0,26.0,76.92307692307693
2023-11-27,6.0,14.0,0.0,6,0,26.0,76.92307692307693
2023-11-28,6.0,13.0,0.0,6,0,26.0,76.92307692307693
2023-11-29,5.0,14.0,0.0,5,0,26.0,80.76923076923077
2023-11-30,6.0,12.0,0.0,6,0,26.0,76.92307692307693
2023-12-01,7.0,11.0,1.0,7,0,25.0,72.0
2023-12-02,13.0,0.0,0.0,13,0,26.0,50.0
2023-12-03,13.0,0.0,0.0,13,0,26.0,50.0
2023-12-04,13.0,0.0,0.0,13,0,26.0,50.0
2023-12-05,10.0,1.0,0.0,10,0,26.0,61.53846153846154
2023-12-06,10.0,1.0,0.0,10,0,26.0,61.53846153846154
2023-12-07,10.0,5.0,0.0,10,0,26.0,61.53846153846154
2023-12-08,7.0,9.0,0.0,7,0,26.0,73.07692307692307
2023-12-09,8.0,7.0,0.0,8,0,26.0,69.23076923076923
2023-12-10,8.0,7.0,0.0,8,0,26.0,69.23076923076923
2023-12-11,7.0,8.0,0.0,7,0,26.0,73.07692307692307
2023-12-12,7.0,6.0,0.0,7,0,26.0,73.07692307692307
2023-12-13,8.0,10.0,0.0,8,0,26.0,69.23076923076923
2023-12-14,9.0,7.0,0.0,9,0,26.0,65.38461538461539
2023-12-15,8.0,10.0,0.0,8,0,26.0,69.23076923076923
2023-12-16,5.0,11.0,0.0,5,0,26.0,80.76923076923077
2023-12-17,5.0,11.0,0.0,5,0,26.0,80.76923076923077
2023-12-18,7.0,11.0,0.0,7,0,26.0,73.07692307692307
2023-12-19,7.0,12.0,0.0,7,0,26.0,73.07692307692307
2023-12-20,6.0,11.0,0.0,6,0,26.0,76.92307692307693
2023-12-21,7.0,11.0,0.0,7,0,26.0,73.07692307692307
2023-12-22,8.0,5.0,0.0,8,0,26.0,69.23076923076923
2023-12-23,10.0,4.0,0.0,10,0,26.0,61.53846153846154
2023-12-24,10.0,4.0,0.0,10,0,26.0,61.53846153846154
2023-12-25,10.0,4.0,0.0,10,0,26.0,61.53846153846154
2023-12-26,10.0,4.0,0.0,10,0,26.0,61.53846153846154
2023-12-27,10.0,4.0,0.0,10,0,26.0,61.53846153846154
2023-12-28,10.0,6.0,0.0,10,0,26.0,61.53846153846154
2023-12-29,12.0,2.0,0.0,12,0,26.0,53.84615384615385
2023-12-30,11.0,2.0,0.0,11,0,26.0,57.692307692307686
2023-12-31,11.0,2.0,0.0,11,0,26.0,57.692307692307686
2024-01-01,11.0,2.0,0.0,11,0,26.0,57.692307692307686
2024-01-02,13.0,0.0,0.0,13,0,26.0,50.0
2024-01-03,11.0,1.0,0.0,11,0,26.0,57.692307692307686
2024-01-04,8.0,5.0,0.0,8,0,26.0,69.23076923076923
2024-01-05,11.0,4.0,0.0,11,0,26.0,57.692307692307686
2024-01-06,11.0,4.0,0.0,11,0,26.0,57.692307692307686
2024-01-07,11.0,4.0,0.0,11,0,26.0,57.692307692307686
2024-01-08,11.0,4.0,0.0,11,0,26.0,57.692307692307686
2024-01-09,10.0,4.0,0.0,10,0,26.0,61.53846153846154
2024-01-10,10.0,5.0,0.0,10,0,26.0,61.53846153846154
2024-01-11,9.0,5.0,0.0,9,0,26.0,65.38461538461539
2024-01-12,8.0,6.0,0.0,8,0,26.0,69.23076923076923
2024-01-13,9.0,6.0,0.0,9,0,26.0,65.38461538461539
2024-01-14,9.0,6.0,0.0,9,0,26.0,65.38461538461539
2024-01-15,9.0,6.0,0.0,9,0,26.0,65.38461538461539
2024-01-16,9.0,7.0,0.0,9,0,26.0,65.38461538461539
2024-01-17,9.0,8.0,0.0,9,0,26.0,65.38461538461539
2024-01-18,8.0,7.0,0.0,8,0,26.0,69.23076923076923
2024-01-19,5.0,11.0,2.0,5,0,24.0,79.16666666666666
2024-01-20,6.0,12.0,2.0,6,0,24.0,75.0
2024-01-21,6.0,12.0,2.0,6,0,24.0,75.0
2024-01-22,5.0,13.0,2.0,5,0,24.0,79.16666666666666
2024-01-23,7.0,10.0,2.0,7,0,24.0,70.83333333333334
2024-01-24,8.0,8.0,0.0,8,0,26.0,69.23076923076923
2024-01-25,8.0,9.0,0.0,8,0,26.0,69.23076923076923
2024-01-26,8.0,7.0,2.0,8,0,24.0,66.66666666666666
2024-01-27,9.0,5.0,2.0,9,0,24.0,62.5
2024-01-28,8.0,7.0,2.0,8,0,24.0,66.66666666666666
2024-01-29,9.0,6.0,2.0,9,0,24.0,62.5
2024-01-30,9.0,6.0,2.0,9,0,24.0,62.5
2024-01-31,8.0,8.0,2.0,8,0,24.0,66.66666666666666
2024-02-01,7.0,6.0,2.0,7,0,24.0,70.83333333333334
2024-02-02,8.0,8.0,2.0,8,0,24.0,66.66666666666666
2024-02-03,12.0,1.0,0.0,12,0,26.0,53.84615384615385
2024-02-04,12.0,1.0,0.0,12,0,26.0,53.84615384615385
2024-02-05,11.0,2.0,2.0,11,0,24.0,54.166666666666664
2024-02-06,6.0,5.0,2.0,6,0,24.0,75.0
2024-02-07,6.0,4.0,2.0,6,0,24.0,75.0
2024-02-08,6.0,5.0,2.0,6,0,24.0,75.0
2024-02-09,6.0,9.0,2.0,6,0,24.0,75.0
2024-02-10,5.0,9.0,2.0,5,0,24.0,79.16666666666666
2024-02-11,6.0,10.0,2.0,6,0,24.0,75.0
2024-02-12,6.0,10.0,2.0,6,0,24.0,75.0
2024-02-13,8.0,7.0,2.0,8,0,24.0,66.66666666666666
2024-02-14,8.0,5.0,0.0,8,0,26.0,69.23076923076923
2024-02-15,7.0,5.0,0.0,7,0,26.0,73.07692307692307
2024-02-16,7.0,8.0,0.0,7,0,26.0,73.07692307692307
2024-02-17,9.0,6.0,0.0,9,0,26.0,65.38461538461539
2024-02-18,9.0,7.0,0.0,9,0,26.0,65.38461538461539
2024-02-19,9.0,7.0,0.0,9,0,26.0,65.38461538461539
2024-02-20,9.0,7.0,0.0,9,0,26.0,65.38461538461539
2024-02-21,9.0,6.0,0.0,9,0,26.0,65.38461538461539
2024-02-22,7.0,10.0,0.0,7,0,26.0,73.07692307692307
2024-02-23,8.0,10.0,0.0,8,0,26.0,69.23076923076923
2024-02-24,8.0,9.0,0.0,8,0,26.0,69.23076923076923
2024-02-25,8.0,10.0,0.0,8,0,26.0,69.23076923076923
2024-02-26,8.0,10.0,0.0,8,0,26.0,69.23076923076923
2024-02-27,8.0,9.0,0.0,8,0,26.0,69.23076923076923
2024-02-28,6.0,7.0,0.0,6,0,26.0,76.92307692307693
2024-02-29,6.0,5.0,0.0,6,0,26.0,76.92307692307693
2024-03-01,6.0,8.0,0.0,6,0,26.0,76.92307692307693
2024-03-02,6.0,7.0,0.0,6,0,26.0,76.92307692307693
2024-03-03,7.0,11.0,0.0,7,0,26.0,73.07692307692307
2024-03-04,7.0,11.0,0.0,7,0,26.0,73.07692307692307
2024-03-05,5.0,11.0,0.0,5,0,26.0,80.76923076923077
2024-03-06,7.0,9.0,0.0,7,0,26.0,73.07692307692307
2024-03-07,7.0,7.0,0.0,7,0,26.0,73.07692307692307
2024-03-08,4.0,5.0,0.0,4,0,26.0,84.61538461538461
2024-03-09,5.0,5.0,0.0,5,0,26.0,80.76923076923077
2024-03-10,5.0,6.0,0.0,5,0,26.0,80.76923076923077
2024-03-11,5.0,7.0,0.0,5,0,26.0,80.76923076923077
2024-03-12,6.0,9.0,0.0,6,0,26.0,76.92307692307693
2024-03-13,4.0,11.0,0.0,4,0,26.0,84.61538461538461
2024-03-14,3.0,7.0,0.0,3,0,26.0,88.46153846153845
2024-03-15,3.0,8.0,0.0,3,0,26.0,88.46153846153845
2024-03-16,4.0,8.0,0.0,4,0,26.0,84.61538461538461
2024-03-17,5.0,7.0,0.0,5,0,26.0,80.76923076923077
2024-03-18,5.0,11.0,0.0,5,0,26.0,80.76923076923077
2024-03-19,8.0,9.0,0.0,8,0,26.0,69.23076923076923
2024-03-20,7.0,9.0,0.0,7,0,26.0,73.07692307692307
2024-03-21,6.0,11.0,0.0,6,0,26.0,76.92307692307693
2024-03-22,5.0,11.0,0.0,5,0,26.0,80.76923076923077
2024-03-23,6.0,12.0,0.0,6,0,26.0,76.92307692307693
2024-03-24,6.0,12.0,0.0,6,0,26.0,76.92307692307693
2024-03-25,6.0,12.0,0.0,6,0,26.0,76.92307692307693
2024-03-26,7.0,8.0,0.0,7,0,26.0,73.07692307692307
2024-03-27,6.0,8.0,0.0,6,0,26.0,76.92307692307693
2024-03-28,6.0,8.0,0.0,6,0,26.0,76.92307692307693
2024-03-29,5.0,6.0,0.0,5,0,26.0,80.76923076923077
2024-03-30,5.0,6.0,0.0,5,0,26.0,80.76923076923077
2024-03-31,5.0,6.0,0.0,5,0,26.0,80.76923076923077
2024-04-01,5.0,6.0,0.0,5,0,26.0,80.76923076923077
2024-04-02,4.0,8.0,0.0,4,0,26.0,84.61538461538461
2024-04-03,6.0,9.0,0.0,6,0,26.0,76.92307692307693
2024-04-04,10.0,6.0,0.0,10,0,26.0,61.53846153846154
2024-04-05,7.0,7.0,0.0,7,0,26.0,73.07692307692307
2024-04-06,9.0,5.0,0.0,9,0,26.0,65.38461538461539
2024-04-07,9.0,5.0,0.0,9,0,26.0,65.38461538461539
2024-04-08,9.0,5.0,0.0,9,0,26.0,65.38461538461539
2024-04-09,8.0,4.0,0.0,8,0,26.0,69.23076923076923
2024-04-10,8.0,6.0,0.0,8,0,26.0,69.23076923076923
2024-04-11,6.0,6.0,0.0,6,0,26.0,76.92307692307693
2024-04-12,3.0,5.0,0.0,3,0,26.0,88.46153846153845
2024-04-13,2.0,8.0,0.0,2,0,26.0,92.3076923076923
2024-04-14,4.0,8.0,0.0,4,0,26.0,84.61538461538461
2024-04-15,4.0,8.0,0.0,4,0,26.0,84.61538461538461
2024-04-16,5.0,7.0,0.0,5,0,26.0,80.76923076923077
2024-04-17,6.0,8.0,0.0,6,0,26.0,76.92307692307693
